-- MariaDB dump 10.19  Distrib 10.4.32-MariaDB, for Win64 (AMD64)
--
-- Host: localhost    Database: alexandria_akademika
-- ------------------------------------------------------
-- Server version	10.4.32-MariaDB

/*!40101 SET @OLD_CHARACTER_SET_CLIENT=@@CHARACTER_SET_CLIENT */;
/*!40101 SET @OLD_CHARACTER_SET_RESULTS=@@CHARACTER_SET_RESULTS */;
/*!40101 SET @OLD_COLLATION_CONNECTION=@@COLLATION_CONNECTION */;
/*!40101 SET NAMES utf8mb4 */;
/*!40103 SET @OLD_TIME_ZONE=@@TIME_ZONE */;
/*!40103 SET TIME_ZONE='+00:00' */;
/*!40014 SET @OLD_UNIQUE_CHECKS=@@UNIQUE_CHECKS, UNIQUE_CHECKS=0 */;
/*!40014 SET @OLD_FOREIGN_KEY_CHECKS=@@FOREIGN_KEY_CHECKS, FOREIGN_KEY_CHECKS=0 */;
/*!40101 SET @OLD_SQL_MODE=@@SQL_MODE, SQL_MODE='NO_AUTO_VALUE_ON_ZERO' */;
/*!40111 SET @OLD_SQL_NOTES=@@SQL_NOTES, SQL_NOTES=0 */;

--
-- Table structure for table `mahasiswa`
--

DROP TABLE IF EXISTS `mahasiswa`;
/*!40101 SET @saved_cs_client     = @@character_set_client */;
/*!40101 SET character_set_client = utf8 */;
CREATE TABLE `mahasiswa` (
  `NPM` char(5) NOT NULL,
  `Nama` varchar(50) DEFAULT NULL,
  `Jurusan` varchar(50) DEFAULT NULL,
  PRIMARY KEY (`NPM`)
) ENGINE=InnoDB DEFAULT CHARSET=utf8mb4 COLLATE=utf8mb4_general_ci;
/*!40101 SET character_set_client = @saved_cs_client */;

--
-- Dumping data for table `mahasiswa`
--

LOCK TABLES `mahasiswa` WRITE;
/*!40000 ALTER TABLE `mahasiswa` DISABLE KEYS */;
INSERT INTO `mahasiswa` VALUES ('25051','Rick Grimes','Hukum'),('25052','Michonne','Hukum'),('25053','Daryl Dixon','Mekatronika'),('25054','Carol Peletier','Tata_Boga'),('25055','Glenn Rhee','Ilmu_Komunikasi');
/*!40000 ALTER TABLE `mahasiswa` ENABLE KEYS */;
UNLOCK TABLES;

--
-- Table structure for table `matkul`
--

DROP TABLE IF EXISTS `matkul`;
/*!40101 SET @saved_cs_client     = @@character_set_client */;
/*!40101 SET character_set_client = utf8 */;
CREATE TABLE `matkul` (
  `Kode_Matkul` int(11) NOT NULL AUTO_INCREMENT,
  `NPM` char(5) DEFAULT NULL,
  `Mata_Kuliah` varchar(50) DEFAULT NULL,
  PRIMARY KEY (`Kode_Matkul`)
) ENGINE=InnoDB AUTO_INCREMENT=8 DEFAULT CHARSET=utf8mb4 COLLATE=utf8mb4_general_ci;
/*!40101 SET character_set_client = @saved_cs_client */;

--
-- Dumping data for table `matkul`
--

LOCK TABLES `matkul` WRITE;
/*!40000 ALTER TABLE `matkul` DISABLE KEYS */;
INSERT INTO `matkul` VALUES (1,'25051','Pengantar Hukum'),(2,'25052','Hukum Perbankan'),(3,'25053','Statistika'),(4,'25054','Ilmu Gizi'),(5,'25054','Dekorasi Makanan'),(6,'25055','Pengantar Ilmu Komunikasi'),(7,'25055','Strategi Komunikasi');
/*!40000 ALTER TABLE `matkul` ENABLE KEYS */;
UNLOCK TABLES;

--
-- Table structure for table `nilai`
--

DROP TABLE IF EXISTS `nilai`;
/*!40101 SET @saved_cs_client     = @@character_set_client */;
/*!40101 SET character_set_client = utf8 */;
CREATE TABLE `nilai` (
  `ID_Nilai` int(11) NOT NULL AUTO_INCREMENT,
  `NPM` char(5) DEFAULT NULL,
  `Mata_Kuliah` varchar(50) DEFAULT NULL,
  `Nilai` int(11) DEFAULT NULL,
  PRIMARY KEY (`ID_Nilai`)
) ENGINE=InnoDB AUTO_INCREMENT=8 DEFAULT CHARSET=utf8mb4 COLLATE=utf8mb4_general_ci;
/*!40101 SET character_set_client = @saved_cs_client */;

--
-- Dumping data for table `nilai`
--

LOCK TABLES `nilai` WRITE;
/*!40000 ALTER TABLE `nilai` DISABLE KEYS */;
INSERT INTO `nilai` VALUES (1,'25051','Pengantar_Hukum',90),(2,'25052','Hukum_Perbankan',95),(3,'25053','Statistika',79),(4,'25054','Ilmu_Gizi',87),(5,'25054','Dekorasi_Makanan',82),(6,'25055','Pengantar_Ilmu_Komunikasi',87),(7,'25055','Strategi_Komunikasi',81);
/*!40000 ALTER TABLE `nilai` ENABLE KEYS */;
UNLOCK TABLES;
/*!40103 SET TIME_ZONE=@OLD_TIME_ZONE */;

/*!40101 SET SQL_MODE=@OLD_SQL_MODE */;
/*!40014 SET FOREIGN_KEY_CHECKS=@OLD_FOREIGN_KEY_CHECKS */;
/*!40014 SET UNIQUE_CHECKS=@OLD_UNIQUE_CHECKS */;
/*!40101 SET CHARACTER_SET_CLIENT=@OLD_CHARACTER_SET_CLIENT */;
/*!40101 SET CHARACTER_SET_RESULTS=@OLD_CHARACTER_SET_RESULTS */;
/*!40101 SET COLLATION_CONNECTION=@OLD_COLLATION_CONNECTION */;
/*!40111 SET SQL_NOTES=@OLD_SQL_NOTES */;

-- Dump completed on 2026-03-17 19:50:03
